"(Intercept)","LPS_pg_ml_W0","IL18_pg_ml","TNFalfa_pg_ml_W0","IL10pg_ml_W0","IL6pg_ml_W0","IL8pg_ml_W0","CV_S000","CV_S008","CV_S012","CV_S039","CV_S52","LeucocitosS0","Hb_S0","HematocritoS0","PlaquetasS0","GlucosaS0","Acido_uricoS0","Creatinina_S0","Colesterol_S0","CD4_S0","CD4porcentajeS0","CD8_S0","CD8porcentajeS0","CocCD4_CD8_S0","GlucosaS04","CreatininaS04","AlbuminaS04","TGO_S04","LDH_S04","CD4_S08","CD4porcentajeS08","CD8_S08","CD8porcentajeS08","CocCD4_CD8_S08","CD4_S12","CD4porcentajeS12","CD8_S12","CD8porcentajeS12","CocCD4_CD8_S12","GlucosaS24","UreaS24","Acido_uricoS24","CreatininaS24","Bili_dirS24","TGO_S24","TGP_S24","LDH_S24","Fosf_alcS24","ColesterolS24","TrigliceridosS24","LeucocitosS24","EritrocitosS24","HemoglobinaS24","HematocritoS24","PlaquetasS24","CD4_S24","CD4porcentajeS24","CD8_S24","CocCD4_CD8_S24","CD4_S39","CD4porcentajeS39","CD8_S39","CD8porcentajeS39","CocCD4_CD8_S39","Hepatitis_basal_activa","Age","Days_to_IRIS","LogCV_S0","LogCV_S08","LogCV_S12","LogCV_S39","DeltaCV_S8","DeltaCV_S12","DeltaCD4_S8","DeltaCD4_S12","DeltaCD4_S12minusS8","CD4porcentajeS52","CD8_S52","CD8porcentajeS52","CocCD4_CD8_S52","DeltaCD4W52atleast150","CD4TCabove200_W052","CD4TCabove350_W052","DeltaLogCV_W8","DeltaLogCV_W12","DeltaLogCV_W39"
-13.810247544968,0,0,0,0,0,0,0,0,0,0,0,0,0,0,-0.0388100686389501,0,0,0,0,-0.553363163570328,0,0,-0.55945709473884,0,0,0,0,0,0,0,0,0,0,0,0,0,0,0,0,0,0,0.592442098238465,0,0,0,0,0,0,0,0,0,0,0,0,0,0,0,0,0,0,0,0,0,16.4064694308162,0,0,0,8.90632610759156,10.1426682096022,0,0,0,0,0.0455999083731825,0,0,1.7558525263685,0.0798617456799155,0,185.346065461735,55.1778011887496,18.2097605481649,44.4063166445464,0,0,0
-53.2171327031362,0,0,0.790487463158669,0,0,0,0,0.0001690324139635,0,0,0,0,-0.209133725313339,0,-0.0244764521476103,0,0,0,0,-0.646404877132417,0,0,-0.361450985021378,0,0,0,0,0,0,0,0,0,0,0,0,0,0,0,0,0,0,3.30626213528242,0,0,0,0,0,0,0,0,0,0,0,0,0,0.0156977210329611,0,0,34.5510982567895,0,0,0,0,0,0,0,0,4.79548564689839,5.25551056794363,0,0,0,0,0.00437561240348697,0.0196062370457303,0,2.50364099415283,0.0997775999722048,0,230.206638308927,49.5607902160129,16.9899856610125,44.3057589810302,0,0,0
-33.6908191413528,0,0,0.420755674971273,0,0,0,0,0.000479004617015348,0,0,0,0,0,0,-0.0130951482225123,0,0,0,0,-0.611944202790345,0,0,-0.462095205811317,0,0,0,0,0,0,0,0,0,0,0,0,0,0,0,0,0,0,2.59896782692912,0,0,0,0,0,0,0,0,0,0,0,0,0,0,0,0,24.4833910900481,0,0,0,0,0,0,0,0,5.12130779452964,3.37566976565955,0,0,0,0,0.00789235883038104,0.0229312252809448,0,2.1283776423303,0.097032335141106,0,224.522215112154,48.515142145171,22.0150120354782,45.1381727641212,0,0,0
-65.9773321163603,0,0,2.10300614215815,-1.22091450795606,0,0,0,0.000914857951216306,0,0.0298570872377051,-0.0571543962036126,0,-1.60749740783396,0,-0.0265510098620603,0,0,0,0,-0.615289590420731,0,-0.0181620620511919,-0.00719660313812734,0,0,0,0,0,0,0,0,0,0,0,0,0,0,0,0,0.133805439740598,0.203599304465474,3.5847624159512,0,0,0,0,0,0,-0.0038116813613382,0,0,0,0,0,0,0,0.131023375527748,0,20.6475911300481,0,0,0,0,0,0,0,0,4.62263550758494,0,0,0,0,0,0.0141347479184069,0.0465658515730124,0,2.46405856034478,0.110537187241803,0,270.587963890124,41.0846143687419,20.442862113867,43.3265834521535,0,0,0
-42.9455619953593,0,0,0.226793562722403,0,0,0,0,0.000702988223635725,0,0,-0.015435919885246,0,0,0,-0.0349450370885016,0,0,0,0,-0.656521056012832,0,0,-0.470773289137724,0,0,0,0,0,0,0,0,0,0,0,0,0,0,0,0,0,0,3.18732837796448,0,0,0,0,0,0,0,0,0,0,0,0,0,0.0509767664792922,0,0,84.3557527613431,0,0,0,0,0,0,0,0,7.00160041457329,2.73191599940708,0,0,0,0,0.00822467381591131,0,0,2.45707785760282,0.0943398300241827,0,187.280100893446,50.0913331420473,12.4942539925219,49.5925370567147,0,0,0
-52.3916508079055,0,0,0.516682692597894,-0.188095139745512,0,0,0,7.27475555547986e-06,0,0,0,0,0,0,-0.00573690159673691,0,0,0,0,-0.492478320760041,0,0,0,0,0,0,0,0,0,0,0,0,0,0,0,0,0,0,0,0,0,0,0,0,0,0,0,0,0,0,0,0,0,0,0,0,0,0,0,0,0,0,0,0,0,0,0,8.84250993323582,2.01678574312361,9.77128161295249,0,0,0,0.0888178085609719,0.0235349047616755,0,0.692910821127439,0.0562899575011991,0,259.663893226458,55.4938751061719,21.4691645125633,28.1900682692512,0,0,0
-31.5566944919629,0,0,0.897788591083186,-0.172569050257189,0,0,0,0.000315822831790935,0.00201892354857432,0,0,0,-0.260102448116443,0,-0.0406742213004524,0,0,0,0,-0.633259783297511,0,-0.00501053260267727,-0.223413769374459,0,0,0,0,0,0,0,0,0,0,0,0,0,0,0,0,0,0,4.21377045307813,0,0,0,0,0,0,0,0,0,0,0,0,0,0,0.543080006056551,0,0,0,0,0,0,0,0,0,0,3.47815494216198,0,0,0,0,0,0.022919998938074,0.027898808203926,0,1.69023258751425,0.0936815866513978,0,260.683203894513,49.8373683538754,20.7749503047102,44.1133057931585,0,0,0
26.6242756900276,0,0,0,0,0,0,0,6.48040745118418e-07,0,0,0,0,0,0,0,0,0,0,0,-0.337024193503229,0,0,0,0,0,0,0,0,0,0,0,0,0,0,0,0,0,0,0,0,0,0,0,0,0,0,0,0,0,0,0,0,0,0,0,0,0,0,0,0,0,0,0,0,0,0,0,8.25761221269007,0,1.90502768409573,0,0,0,0.113677931315043,0,0,0,0.0233424107225397,0,166.398763436071,69.7712673066718,12.309321480887,34.5471613672289,0,0,0
-37.9395195425103,0,0,0.523022232476657,0,0,0,0,0.000347369084656321,0,0,0,0,0,0,-0.0227380757929259,0,0,0,0,-0.628562479170564,0,0,-0.433168746225263,0,0,0,0,0,0,0,0,0,0,0,0,0,0,0,0,0,0,2.5477101067963,0,0,0,0,0,0,0,0,0,0,0,0,0,0,0.0364161093445282,0,19.4897166001861,0,0,0,0,0,0,0,0,5.26979977323009,3.87950889674686,0,0,0,0,0.0113140463678397,0.0247391893534841,0,2.08328559018781,0.0976725567325734,0,240.494563756181,50.5611362210522,18.2957347710357,44.354586024645,0,0,0
-3.36480532396996,0,0,1.45554519479673,-1.21361592984,0,0,0,0.000765643805370138,0,0,0,0,-1.89551044043545,0,-0.0245762721916909,0,0,0,0,-0.605004224789261,0,-0.0107213677883917,-0.0140705996997392,0,0,0,0,0,0,0,0,0,0,0,0,0,0,0,0,0,0.155184073901906,4.58683358954301,0,0,0,0,0,0,-0.00624225307059173,0,0,0,0,0,0,0.00189701707989427,0.0338118770451924,0,0,0,0,0,0,14.8663791348326,0,0,0,0,0,0,0,0,0,0.0339438027432917,0.0243506156925936,0,1.62486778717307,0.09404245408885,0,257.682443729486,49.5242875627119,16.6632877982017,48.6510371690077,0,0,0
-10.9059570977496,0,0,0.0475523650953892,0,0,0,0,0,0,0,0,0,0,0,-0.0458084666961769,0,0,0,0,-0.5238567877089,0,-0.00558161673347166,-0.00070754748360053,0,0,0,0,0,0,0,0,0,0,0,0,0,0,0,0,0,0.214997353503991,4.24747698576115,0,0,0,0,0,0,0,0,0,0,0,0,0,0,0,0,0,0,0,0,0,19.2880881560703,0,0,0,2.90350349091567,3.06309645359367,0,0,0,0,0.0480879841723543,0,0,0.120552359211704,0.0701263613318062,0,213.983617315639,56.7168133524477,22.6030546458228,53.938295550927,0,0,0
-39.0549728762235,0,0,1.48805849953071,0,0,0,0,0.00154833996856495,0,0,-0.142996477575051,0,0,0,-0.0203815071383405,0,0,0,0,-0.749572940081686,0,0,-0.572154072954928,0,0,0,0,0,0,0,0,0,0,0,0,0,0,0,0,0,0.133882985562586,0,0,0,0,0,0,0,0,0,0,0,0,0,0,0.042491225264887,0.707705338756386,0,0,0,0,0,-0.290018173893136,0,0,0,-0.00955145990967601,7.01047958142853,0,0,0,0,0,0.0179396197484068,0.0269513507258538,0,2.90488651713845,0.115670019714817,0,265.55061748995,42.9107761613874,20.3415978514834,40.6307580561216,0,0,0
-37.9998281217778,0,0,0,0,0,0,0,0,0,0,0,0,0,0,0,0,0,0,0,-0.645903916256604,0,0,-0.489376396026824,0,0,0,0,0,0,0,0,0,0,0,0,0,0,0,0,0,0,0.72146924471311,0,0,0,0,0,0,-0.0158092628552261,0,0,0,0,0,0,0,0.304106434933448,0,0,0,0,0,0,9.31945728229478,0,0,0,1.99332597359679,8.35374145948106,0,0,0,0,0.029984013491336,0.00904180629260694,0,4.42807904162255,0.103182987272133,0,201.747486106892,58.3709830983734,5.12506686102244,38.3114982346366,0,0,0
41.0161253128681,0,0,0,0,0,0,0,0,0,0,0,0,0,0,0,0,0,0,0,-0.604244628112883,0,0,-0.518826800471654,0,0,0,0,0,0,0,0,0,0,0,0,0,0,0,0,0,0.122299824009065,0.0595434533880926,0,0,0,0,0,0,0,0,0,0,0,0,0,0,0,0,0,0,0,0,0,12.1451387895418,0,0,0,0.665357231105751,0,0,0,0,0,0.0805205166009709,0.00412627789482872,0,1.95395605410376,0.0759832907414809,0,181.310940844118,54.2189531761735,17.3202894145027,55.0312375412769,0,0,0
-68.167951157662,0,0,1.65799826554257,-0.468135514599795,0,0,0,0.000987690791693004,0,0,-0.0794069057745609,0,-1.04907943131285,0,-0.0153527241778755,0,0,0,0,-0.647516484645508,0,-0.00903480274069323,-0.284781711965644,0,0,0,0,0,0,0,0,0,0,0,0,0,0,0,0,0,0,0,0,0,0,0,0,0,0,0,0,0,0,0,0,0,0,0,35.7627012900798,0,0,0,-0.274781340996147,0,0,0,0,10.4492462198372,0,1.35283992059093,0,0,0,0,0.0579547510121736,0,3.58196791947279,0.121026192875064,0,255.80381189014,40.0375312566155,23.0433887960217,33.9997679852429,0,0,0
36.2490473040301,0,0,0.736805793982358,0,0,0,0,0,0,0,0,0,0,0,-0.0021488477509612,0,0,0,0,-0.625818543755438,0,0,-0.669515445962867,0,0,0,0,0,0,0,0,0,0,0,0,0,0,0,0,0,0,0.809414714034519,0,0,0,0,0,0,0,0,0,0,0,0,0,0,0,0,0,0,0,0,0,7.7710400880088,0,0,0,0.389809873285591,0,0,0,0,0,0.0779835440369957,0.0135676462071546,0,2.08241161490723,0.0797560634049993,0,200.197536653593,51.3519595591297,23.1477410246152,52.9996459816583,0,0,0
-42.1123108116565,0,0,0,0,0,0,0,0.000680858332889534,0,0,-0.232413612005435,0,-0.370085180969843,0,-0.0505637662784972,0,0,0,0,-0.700555259837414,0,-0.00441597953954459,-0.32458742840433,0,0,0,-5.17377671767059,0,0,0,0,0,0,0,0,0,0,0,0,-0.0591619392757012,0,0.75540178749993,0,0,0,0,0,0,0,0,0,0,0,0,0,0,1.57475549232267,0,0,0,0,0,-0.43203911836089,2.05167555692527,0,0,0,9.15460519489734,1.52385918427033,0,0,0,0,0.000534222968104223,0.0394911457759396,0,4.74060479927331,0.137130926403634,-0.103175210589914,251.024001890376,39.2738855186742,13.7340353965692,15.531398742859,0,0,0
-0.271209430227827,0,0,0.562222754112451,-0.76236163972603,0,0,0,0.000481050657257665,0,0,0,0,-0.656971741816319,0,-0.0524483817658165,0,0,0,0,-0.694789143174029,0,0,-0.693586333420981,0,0,0,0,0,0,0,0,0,0,0,0,0,0,0,0,0,0.0107152937971646,3.14007309176445,0,0,0,0,0,0,0,0,0,0,0,0,0,0.0212416157564896,1.11539720043243,0,0,0,0,0,0,4.22964358254501,0,0,-0.00853012500515388,10.6144158275737,0.864434758629847,0,0,0,0,0.0157505321436306,0.0391227079976319,0,2.35861937275918,0.0800060172253653,0,139.527762585526,51.7641636465203,28.0830015573448,47.695357002717,0,0,0
-24.2054384140133,0,0,2.00025685015892,0,0,0,0,0.00145707897090778,0,0,-0.210772262167167,0,0,0,-0.0471082485586993,0,0,0,0,-0.710469506583206,0,-0.00229306734832078,-0.425289766051003,0,0,0,0,0,0,0,0,0,0,0,0,0,0,0,0,0,0.262463362460286,0,0,0,0,0,0,0,-0.0093840241336638,-0.00880071360778513,0,-0.484425381661423,0,0,0,0.025612182918459,0.524570357228361,0,0,0,0,0,-0.187868534163637,0,0,0,0,0,0,0,0,0,0,0,0.0512848448729387,0,2.87366914632393,0.110997900315902,0,257.973747332645,47.6990243652116,20.5636523816829,38.8336672050133,0,0,6.82428206788924
-0.900927808505372,0,0,0,0,0,0,0,0,0,0,0,0,0,0,-0.0261965448585718,0,0,0,0,-0.585419016794358,0,-0.000198087780346777,-0.391231807591795,0,0,0,0,0,0,0,0,0,0,0,0,0,0,0,0,0,0,1.13162581387497,0,0,0,0,0,0,0,0,0,0,0,0,0,0,0,0,0,0,0,0,0,6.07543550436554,0,0,0,6.06187614603204,2.45211523780171,0,0,0,0,0.000614804519610836,0.0610791496194355,0,1.7046227161687,0.0783941408049784,0,206.184397050342,54.6688966077922,17.2292483173554,50.2886989472348,0,0,0
-63.9324435932754,0,0,0.847599531928395,-0.587857151173425,0,0,0,0.000367695148977754,0,0,-0.103428338898818,0,0,0,-0.0408488789560186,0,0,0,0,-0.543777154369162,0,-0.00568739803891884,-0.322678636201248,0,0,0,0,0,0,0,0,0,0,0,0,0,0,0,0,0,0.0828229120106225,0.365947163143593,0,0,0,0,0,0,0,0,0,0,0,0,0,0,1.21185757337878,0,0,0,0,0,0,0,0,0,0,12.9432207540184,3.21830532928482,0,0,0,0,0.0522713907016018,0,0,0.0648676489150398,0.0996150905944476,0,282.297975646834,52.6631649396777,16.7330605573292,32.5435492463856,0,0,0
-75.9140224197885,0,0,1.45457760083065,-0.239350597691459,0,0,0,0.000641344369034378,0,0,0,0,0,0,-0.0160486611486949,0,0,0,0,-0.624417669558012,0,0,0,0,0,0,0,0,0,0,0,0,0,0,0,0,0,0,0,0,0,0,0,0,0,0,0,0,0,0,0,0,0,0,0,0,0,0,0,0,0,0,0,8.90706163461591,0,0,-0.0149904638815234,8.12549942644963,0,8.56780553942507,0,0,0,0.0712981880524376,0.0464072397069548,0,1.67026453778095,0.076286506417859,0,293.92677559874,46.9974973117869,20.5017664016533,28.8031575748943,0,0,0
-44.9711713604819,0,0,0.93793019417366,-0.146043846137993,0,0,0,0.000381604862134485,0,0,0,0,-0.400774613666445,0,-0.042265903683252,0,0,0,0,-0.617750367424907,0,-0.00510979447681419,-0.267303525684715,0,0,0,0,0,0,0,0,0,0,0,0,0,0,0,0,0,0.0729967466991713,3.10941059919141,0,0,0,0,0,0,0,0,0,0,0,0,0,0,0.574263107913197,0,0,0,0,0,0,19.0155280803668,0,0,0,6.07798049624994,2.13735397688067,0,0,0,0,0.0375224307431594,0.00658177705270232,0,1.88021604955679,0.0967144518268402,0,235.606444813044,46.5148035639354,23.3776815036765,44.6091793976358,0,0,0
3.8157183639124,0,0,0,0,0,0,0,0,0,0,0,0,0,0,-0.00930643534936815,0,0,0,0,-0.549500502448985,0,0,-0.552744686033759,0,0,0,0,0,0,0,0,0,0,0,0,0,0,0,0,0,0,1.43501484164058,0,0,0,0,0,0,0,0,0,0,0,0,0,0,0,0,0,0,0,0,0,7.89186058518018,0,0,0,5.92941723885361,5.53126840292912,0,0,0,0,0.0298625438229289,0.024216356774978,0,1.6444209665806,0.0762102027258175,0,188.08867849193,52.486733035538,23.6535706472675,45.9533893114656,0,0,0
39.0487858355634,0,0,0.842762693346913,0,0,0,0,0.00110404696291329,0,0,-0.0310683444561152,0,-0.704019999616069,0,-0.042645841214569,0,0,0,0,-0.705673794238237,0,0,-0.573875471425573,0,0,0,0,0,0,0,0,0,0,0,0,0,0,0,0,0,0,1.54948045869231,0,0,0,0,0,0,0,0,0,0,0,0,0,0.0289331971223606,1.00382186147412,0,0,0,0,0,-0.0226926301208997,9.98032146695654,0,0,-0.0118235289577046,2.06508585044907,0,0,0,0,0,0.00713598697372747,0.0608817539990054,0,1.91299977229285,0.0839283379110276,0,172.742293177908,46.9405337581115,24.9836882483252,50.2664817585594,0,0,0
-20.485666117632,0,0,1.54993632929834,0,0,0,2.70151986874185e-06,0.000661953020929865,0,0,0,0,0,0,-0.0305582403477585,0,0,0,0,-0.527279619998174,0,0,0,0,0,0,0,0,0,0,0,0,0,0,0,0,0,0,0,0,0,0,0,0,0,0,0,0,0,0,0,0,0,0,0,0,0,0,0,0.000280184929898083,0,0,0,18.4734611961877,0,0,-0.018446647593057,0,0,14.2572268153867,0,0,-8.2906508245455e-09,0.0688638159483725,0.0410584377104165,0,0.834361809550907,0.0658676717998833,0,266.917499654492,58.490548161753,12.6676406494425,27.2045364177499,0,0,0
-0.758182344577165,0,0,1.07075079042101,-0.930614105959764,0,0,0,0.00080641473976643,0,0,0,0,0,0,-0.0493633255048248,0,0,0,0,-0.641779792449584,0,-0.00580677555614685,-0.474131673300751,0,0,0,0,0,0,0,0,0,0,0,0,0,0,0,0,0,0,1.55938209143469,0,0,0,0,0,0,0,0,0,0,0,0,0,0,0,0,0,0,0,0,0,0,0,0,0,2.58337356000704,0,0,0,0,0,0.115740267792563,0.00835298208623632,0,3.17285585068123,0.0928145028195128,0,218.814941619698,47.3758606820226,19.6621299606318,43.4627961256636,0,0,0
-10.6088060051322,0,0,0,0,0,0,0,0.000635348920107093,0,0,0,0,0,0,-0.0114985901308772,0,0,0,0,-0.658633854153331,0,0,-0.385200551873866,0,0,0,0,0,0,0,0,0,0,0,0,0,0,0,0,0,0,0.786845821801687,0,0,0,0,0,0,0,0,0,0,0,0,0,0.0322375529932974,0.00293133814577566,0,8.86314923749177,0,0,0,0,0,0,0,0,4.90388998188719,0,0,0,0,0,0.0157570811375493,0.0498623273460248,0,1.68426365499673,0.0887601427806595,0,238.788601316395,46.5894643751366,20.8678918993657,48.1233276573517,0,0,0
-29.6071848354725,0,0,0.347290786115456,-0.34894925800575,0,0,0,0.000981328104748354,0,0,0,0,0,0,-0.00177823255315698,0,0,0,0,-0.782296490053147,0,0,-0.573705133695199,0,0,0,0,0,0,0,0,0,0,0,0,0,0,0,0,0,0,1.9520324999345,0,0,0,0,0,0,-0.001819831379159,0,0,0,0,0,0,0.0743245381594064,0.224068887405671,0,0,0,0,0,0,0,0,0,0,4.88521072972813,0,0,0,0,0,0.00306499777888767,0.0396696828015196,0,3.03736738401567,0.100673383965025,0,242.582387722366,41.1120173286612,18.53113310857,44.2900831504,0,0,0
8.59238395394715,0,0,0.585408460557637,0,0,0,0,9.65239659185799e-05,0.00895319718291112,0,-0.00266383695872636,0,-0.185588152420903,0,-0.0414669182868361,0,0,0,0,-0.701580277399892,0,0,-0.55151581910819,0,0,0,0,0,0,0,0,0,0,0,0,0,0,0,0,0,0,0.040216539902283,0,0,0,0,0,0,0,0,0,0,0,0,0,0.0835155781051899,0,0,0,0,0,0,0,35.7709433335692,0,0,-0.0239851455210343,0,6.9356867182224,0,0,0,0,0,0.0409624416579176,0,2.70759772462033,0.0965643136633798,0,197.287976924696,46.9691647232419,13.7490731817231,37.8953971647843,0,0,0
-77.6181682743114,0,0,1.30239010310537,-1.1833390595013,0,0,0,0.000775905760588285,0,0,0,0,0,0,-0.0227328812495608,0,0,0,0,-0.579014281847254,0,0,0,0,0,0,0,0,0,0,0,0,0,0,0,0,0,0,0,0,0,0,0,0,0,0,0,0,0,0,0.916186668243643,0,0,0,0,0,0,0,0,0,0,0,0,0,0,0,-0.00648209990915261,8.35434623985723,0,8.97941874306548,0,0,0,0.07753875774899,0.0276979389452424,0,1.50222282348346,0.0788336009636926,0,310.314835176257,49.5935527110918,14.489066351492,26.8743054748429,0,0,0
-45.3436102804137,0,0,0.950503762737684,-0.00820790572473119,0,0,0,0.000130773451142547,0,0,0,0,0,0,-0.0501028892830551,0,0,0,0,-0.646057188550031,0,-0.00422323427080699,0,0,0,0,0,0,0,0,0,0,0,0,0,0,0,0,0,0,0,3.85458037474894,0,0,0,0,0,0,0,0,0,0,0,0,0,0,0,0,0,0,0,0,0,19.8179455764289,0,0,0,0,0,0,0,0,0,0,0.0254894952694011,0,1.74404252722567,0.109057048034472,0,277.266582968056,51.801664999085,21.4064927099015,40.5535923508267,0,0,0
3.92594439763621,0,0,1.05726840298669,-0.0111530904014146,0,0,0,0,0,0,-0.0403660280659905,0,-1.2614501082823,0,-0.0195698397858937,0,0,0,0,-0.704472427277806,0,0,-0.726454887814214,0,0,0,0,0,0,0,0,0,0,0,0,0,0,0,0,0,0,0,0,0,0,0,0,0,0,0,0,0,0,0,0,2.38433149272444e-05,0.84520632684902,0,0,0,0,0,-0.0127602857098361,0,0,0,-0.01804991058842,6.36457037436146,0,0,0,0,0,0.0535427976588977,0.0342246009166359,0,2.59794842527739,0.0989554372003348,0,248.710433011135,39.788797018536,23.1974815198644,44.4579613965302,0,0,0
-76.5591481849347,0,0,3.50894414111378,-0.697838340830895,0,0,0,0.00027261609130676,0,0,0,0,0,0,0,0,0,0,0,-0.527478933495605,0,0,0,0,0,0,0,0,0,0,0,0,0,0,0,0,0,0,0,0,0,0,0,0,0,0,0,0,0,0,0,0,0,0,0,0,0,0,0,0,0,0,0,6.17132107858438,0,0,0,6.25254049231305,0,12.8229984925929,0,0,0,0.0777889572649447,0.0234448735941172,0,1.08502690702811,0.0712429904729354,0,287.491766103559,58.3978270490509,18.0173926333693,21.7575309406293,0,0,0
-57.5655128479683,0,0,1.05356487482647,-1.21102042344833,0,0,0,0.000370222439753545,0,0,-0.063593248972529,0,-0.314388755258972,0,-0.0371361620421645,0,0,0,0,-0.657465047835022,0,-0.00406113927698124,-0.244945169313408,0,0,0,0,0,0,0,0,0,0,0,0,0,0,0,0,0,0,1.99792842331637,0,0,0,0,0,0,0,0,0,0,0,0,0,0,0,0,38.1357407568403,0,0,0,-0.0388581735488429,21.5387525823472,0,0,-0.0331575240560904,6.89648025937838,2.12940911518119,0,0,0,0,0.0208867961477716,0.0230550038538152,0,2.71755761117304,0.108033139318144,0,246.840218678049,46.1300943080064,17.8606763782488,38.2242793881443,0,0,0
-54.4797338542562,0,0,1.13531876934543,-0.464232987326397,0,0,0,0.000665153227686894,0,0,0,0,0,0,-0.0216721862106138,0,0,0,0,-0.548968160688767,0,0,0,0,0,0,0,0,0,0,0,0,0,0,0,0,0,0,0,0,0,0,0,0,0,0,0,0,0,0,0,0,0,0,0,0,0,0,0,0,0,0,0,0,0,0,-0.000919084524452888,7.45774775021575,0,7.87984790996801,0,0,0,0.075635483266338,0.0346731023876267,0,1.06846823227105,0.0690969761729355,0,291.45860807957,53.1958898131421,17.3272652925197,28.5768333688463,0,0,0
23.3602641294078,0,0,0,0,0,0,0,0,0,0,0,0,0,0,0,0,0,0,0,-0.325372302606489,0,0,-0.3377061106765,0,0,0,0,0,0,0,0,0,0,0,0,0,0,0,0,0,0,5.29593303374338,0,0,0,0,0,0,0,0,0,0,0,0,0,0,0,0,0,0,0,0,0,6.35127682154149,0,0,0,0,6.2118586710391,0,0,0,0,0,0.00389354568004782,0,0.80039888227963,0.064259476589992,0,150.110589906814,75.8321972260047,1.65084883077824,28.9018643077671,0,0,0
-28.2179813688834,0,0,0,0,0,0,0,0.000110584557961437,0,0,0,0,0,0,0,0,0,0,0,-0.527561451261411,0,0,-0.533624014037667,0,0,0,0,0,0,0,0,0,0,0,0,0,0,0,0,0,0,4.15674219033801,0,0,0,0,0,0,-0.00474382467030986,0,0,0,0,0,0,0,0,0,0,0,0,0,0,4.93131579229363,0,0,0,2.63145306523529,3.86915754726687,0,0,0,0,0,0.0312981943199512,0,2.79626861430938,0.0960255603798919,0,220.74541708881,60.7154916613092,6.96963067143904,25.1704279864854,0,0,0
-45.9645687887918,0,0,0,0,0,0,0,0,0,0,0,0,-0.605673256605473,0,0,0,0,0,0,-0.568214653418733,0,0,-0.562555207071487,0,0,0,0,0,0,0,0,0,0,0,0,0,0,0,0,0,0,4.33435823626288,0,0,0,0,0,0,0,0,0,0,0,0,0,0,0.566047457271303,0,0,0,0,0,0,3.09624367757416,0,0,0,5.23446114116388,4.97299929843656,0,0,0,0,0,0.0319876981389872,0,2.89603631047564,0.0974311963767239,0,227.675588642175,55.946668009344,14.3269400162481,23.9272591408835,0,0,0
-14.2452299580328,0,0,0.498109526290101,0,0,0,0,0,0,0,0,0,0,0,-2.54866235698489e-05,0,0,0,0,-0.640687226243966,0,-0.0049855078683426,-0.517974567947945,0,0,0,0,0,0,0,0,0,0,0,0,0,0,0,0,0,0,0,0,0,0,0,0,0,0,0,0,0,0,0,0,0,0,0,12.5525475501758,0,0,0,0,0,0,0,0,6.31929521455135,0,0,0,0,0,0.0436651484466633,0.0371697731701419,0,2.73247179328057,0.0935412974701735,0,214.41552969753,43.477543576885,22.0310599051608,50.2672316274525,0,0,0
-29.802723388241,0,0,0.72335743603429,-0.783828501533912,0,0,0,0.000308774206740557,0,0,0,0,0,0,-0.0215667524033,0,0,0,0,-0.659724906783557,0,-0.00205577558427459,-0.212896268943941,0,0,0,0,0,0,0,0,0,0,0,0,0,0,0,0,0,0,4.09184621165949,0,0,0,0,0,0,0,0,0,0,0,0,0,0,0,0,0,0,0,0,0,7.89752437491891,0,0,0,0,0.217960723528637,0,0,0,0,0,0.031147812504886,0,1.91281805952428,0.105680061200644,0,274.884433632561,52.1363141687958,19.6277202187714,42.4315705942231,0,0,0
26.739853176375,0,0,0,0,0,0,0,0.000189518131666194,0,0,0,0,0,0,0,0,0,0,0,-0.590283528526879,0,0,-0.648341684991522,0,0,0,0,0,0,0,0,0,0,0,0,0,0,0,0,0,0,2.14110064612521,0,0,0,0,0,0,0,0,0,0,0,0,0,0,0,0,0,0,0,0,0,4.3354820701455,0,0,0,1.96559552698975,3.35354363389422,0,0,0,0,0.0488299902280044,0.0159953520448725,0,1.9364618311256,0.0757749803153228,0,184.908818368129,51.4093925860209,26.6367415105101,50.6300991663455,0,0,0
-31.4054422498209,0,0,1.24977454454235,-0.342250723098466,0,0,0,4.29185113652691e-06,0,0,-0.116925500723093,0,-0.510482785699175,0,-0.0340062886897897,0,0,0,0,-0.660488582086471,0,-0.00456626608310659,-0.441068445672489,0,0,0,0,0,0,0,0,0,0,0,0,0,0,0,0,0,0.0089396965549929,1.55028833333221,0,0,0,0,0,0,0,0,0,0,0,0,0,0,1.10283502617677,0,0,0,0,0,0,0,0,0,-0.00887762847784484,5.18120479626425,5.81077630562594,0,0,0,0,0.0278836561408623,0.0216686174160094,0,2.29432397567439,0.102638675510798,0,245.088905779718,51.7738111558945,16.7058358069156,40.6801579105642,0,0,0
-36.4241689798346,0,0,0.996406368906515,0,0,0,0,0.000558108707075477,0,0,0,0,0,0,-0.0106826685201325,0,0,0,0,-0.731576227982312,0,-0.00246297706604219,-0.36431650373181,0,0,0,0,0,0,0,0,0,0,0,0,0,0,0,0,0,0,3.56807858025778,0,0,0,0,0,0,0,0,0,0,0,0,0,9.03187787970279e-05,1.02272171399927,0,0,0,0,0,0,0,0,0,0,3.34489041527145,0,0,0,0,0,0.0295624580939992,0.0361170511130258,0,2.4653630388964,0.0939361547241109,0,243.956803005862,41.2723127150711,25.0872640258546,46.3791166208505,0,0,0
-22.0677919847128,0,0,0.613616671244825,-0.533240060632771,0,0,0,0.000595578847000238,0,0,0,0,-0.785375517853734,0,-0.0055190650967839,0,0,0,0,-0.670250691496662,0,-0.00162534585484608,-0.39847402681532,0,0,0,0,0,0,0,0,0,0,0,0,0,0,0,0,0.0500410142031177,0,3.27703327022928,0,0,0,0,0,0,0,0,0,0,0,0,0,0.0494675169550741,0,0,13.5164933989048,0,0,0,0,0,0,0,0,2.03329211489331,3.76567590173135,0,0,0,0,0,0.031181783766867,0,2.42917560522576,0.0972136697803082,0,232.914857898541,50.181353587908,11.6752034656534,45.1816060454668,0,0,0
-54.8467796798509,0,0,1.24761789408915,0,0,0,0,0.000596678060607174,0,0,-0.168663071782313,0,-1.67420396538812,0,-0.0232917018912457,0,0,0,0,-0.685834782661349,0,-0.00202818214930491,-0.434622416301023,0,0,0,0,0,0,0,0,0,0,0,0,0,0,0,0,0,0.0149886431549746,3.01535654788982,0,0,0,0,0,0,0,0,0,0,0,0,0,0,1.3609881060929,0,0,0,0,0,0,17.5093213032,0,0,-0.0253134017821894,9.99022008856657,1.11510066611601,0,2.94870671716169,0,0,0,0.0400130568752024,0,2.48734909809661,0.10008471317781,0,245.694750472969,46.150635522303,24.1229904100504,45.8082300210411,0,0,0
109.831430940083,0,0,0,0,0,0,0,0,0,0,0,0,0,0,-0.0804170940124907,0,0,0,0,-0.403113128162758,0,0,-0.517384331791416,0,0,0,0,0,0,0,0,0,0,0,0,0,0,0,0,0,0,1.02041793055831,0,0,0,0,0,0,0,0,0,0,0,0,0,0,0,0,0,0,0,0,0,13.958540952762,0,0,0,3.66083852000489,5.86092288618777,0,0,0,0,0.0598966022567537,0,0,0,0.0321712278074254,0,91.678246474858,66.2016393137452,13.9230781736665,57.3418158342056,0,0,0
-65.1594504488109,0,0,4.06373801969549,-0.694757668886094,0,0,0,0.000265100358742984,0,0,0,0,0,0,-0.0415171765536643,0,0,0,0,-0.641153795935796,0,-0.00381625977770274,-0.118459710920995,0,0,0,0,0,0,0,0,0,0,0,0,0,0,0,0,0,0,3.00204455602092,0,0,0,0,0,0,0,0,0,0,0,0,0,0,0.123771864934321,0,8.88169272549877,0,0,0,0,11.1964748825851,0,0,0,0,1.00175520395696,0,0,0,0,0,0.0286180645363465,0,2.58047014852034,0.116707822427093,0,276.191486353282,53.885327979478,16.4648353080445,32.2449580541884,0,0,0
-18.8955737759378,0,0,0.402248601475939,0,0,0,0,0.000493632666302203,0,0,0,0,0,0,-0.0100668687053221,0,0,0,0,-0.673532559857426,0,-0.00375950645754856,-0.601416711085091,0,0,0,0,0,0,0,0,0,0,0,0,0,0,0,0,0,0,2.66604190606844,0,0,0,0,0,0,0,0,0,0,0,0,0,0,0,0,32.5012417837297,0,0,0,0,0,0,0,0,9.38259364142302,0,0,0,0,0,0.0105424106441207,0.0526977077404579,0,3.57092066539911,0.0834772138402241,0,128.143855135668,50.7978516473007,21.8565889765012,52.0178655639438,0,0,0
-86.5546153210393,0,0,2.07031166138696,-1.1599930157396,0,0,0,0.000967037782066583,0,0,0,0,0,0,-0.0183478522199866,0,0,0,0,-0.60210220579588,0,-0.00155716114607728,0,0,0,0,0,0,0,0,0,0,0,0,0,0,0,0,0,0,0,0,0,0,0,0,0,0,0,0,0.542611454665743,0,0,0,0,0,0,0,0,0,0,0,0,16.456492653811,0,0,-0.0184894959034638,6.56791983732353,0,10.8598526918823,6.27580109562057,0,0,0.0820889310350909,0.0277403119082126,0,1.11631328020588,0.0802827097791677,0,306.190461506897,51.5922048398205,16.9037636863192,31.4456837190022,0,0,0
14.3202992662364,0,0,1.42094659648069,-0.00506645380140749,0,0,0,0.0016254131273718,0,0,-0.0155311991200116,0,0,0,-0.0324662129601413,0,0,0,0,-0.727626908457322,0,0,-0.472634149397874,0,0,0,0,0,0,0,0,0,0,0,0,0,0,0,0,0,0,0,0,0,0,0,0,0,0,0,0,0,0,0,0,0.0738162191734081,0.989154939504896,0,0,0,0,0,-0.541798471966814,0,0,0,-0.00579689056991157,0,0,0,0.00306513403259115,0,0,0,0.0463628038416917,0,3.10749214499088,0.110636990275443,0,219.723104052185,43.981063087638,14.2448262650239,37.8707139828634,0,0,0
-57.6922342872708,0,0,0.375412716785961,-0.911044913769004,0,0,0,4.1828983320786e-05,0,0,0,0,0,0,0,0,0,0,0,-0.510326582524692,0,0,0,0,0,0,0,0,0,0,0,0,0,0,0,0,0,0,0,0,0,0,0,0,0,0,0,0,0,0,0,0,0,0,0,0,0,0,0,0,0,0,0,2.10867931264046,0,0,0,10.588726160681,0,13.5914214542292,0,0,0,0.103673596633003,0.0170149401975553,0,0.278741603462032,0.0525419137877133,0,278.828706144078,55.0453610048194,19.9718812837409,28.6162120764951,0,0,0
-24.8607347545403,0,0,0,0,0,0,0,0.00149524216458528,0,0,-0.15222905351593,0,0,0,-0.0336850719644161,0,0,-4.43208277208668,0,-0.713521929015095,0,0,-0.477824962255234,0,0,0,0,0,0,0,0,0,0,7.99137372388114,0,0,0,0,0,0,0,0,0,0,0,0,0,0,-0.0272338285941717,0,0,0,0,0,0,0,1.29276673568728,0,0,0,0,0,-0.305654900860019,0,0,0,-0.0198720933837208,4.33353359230942,0,0,9.77657608442168,0,0,0.023001277159191,0.0105751297691032,0,5.66207285186626,0.119957947862883,-0.283821275161543,180.528223050792,46.3421335991147,13.7381737308363,40.2061183807276,0,0,0
-25.1997256979043,0,0,0.793005235871632,0,0,0,0,0.000824260254724438,0,0,-0.0550423006421688,0,0,0,-0.019757828523068,0,0,0,0,-0.762189187973319,0,0,-0.501096365874229,0,0,0,0,0,0,0,0,0,0,0,0,0,0,0,0,0,0,0.0521359662810013,0,0,0,0,0,0,0,0,0,0,0,0,0,0,1.03022416723625,0,1.89547563849457,0,0,0,-0.103924111356789,0,0,0,0,9.1216199259268,0,0,0,0,0,0.0471744844709569,0.0289553871488521,0,3.80265162455046,0.0876872606537352,0,169.540789477144,47.7018653557992,24.862075157316,58.8267577616749,0,0,0
-3.14411665281455,0,0,0.228292127740427,0,0,0,0,0,0,0,-0.0526447674367592,0,0,0,-0.0605445770568343,0,0,0,0,-0.524475295326622,0,-0.00133526838978281,-0.470915245741152,0,0,0,0,0,0,0,0,0,0,0,0,0,0,0,0,0,0.0408487926356559,0.222933167017418,0,0,0,0,0,0,0,0,0,0,0,0,0,0.0366208171677628,0,0,0,0,0,0,0,13.7496502880838,0,0,0,5.10479998071046,9.94430106386506,0,0,0,0,0.0309742903110176,0,0,0.835016652669252,0.0910087422613658,0,226.694933755166,53.2874303062813,11.7198644485628,34.0090828840042,0,0,0
-31.1851389584696,0,0,0.0551881783755898,0,0,0,0,0,0,0,0,0,0,0,0,0,0,0,0,-0.584730626363745,0,0,-0.41282750407419,0,0,0,0,0,0,0,0,0,0,0,0,0,0,0,0,0,0,2.75782009543251,0,0,0,0,0,0,0,0,0,0,0,0,0,0,0,0,33.0493138019158,0,0,0,0,0,0,0,0,4.6914249338345,6.54637310085774,0,0,0,0,0.0150754873562629,0.0176406268129518,0,1.67446260196732,0.0897453832291042,0,215.289803328979,48.0471440952407,20.5616057748629,48.0146223413614,0,0,0
-29.7848300942777,0,0,0,0,0,0,0,0.000543607344282569,0,0,0,0,0,0,0,0,0,0,0,-0.598633127173413,0,0,-0.410351527302132,0,0,0,0,0,0,0,0,0,0,0,0,0,0,0,0,0,0,2.16612437769447,0,0,0,0,0,0,0,0,0,0,0,0,0,0.0400932252408622,0,0,49.945349595991,0,0,0,0,0,0,0,0,6.46979617958381,0,0,0,0,0,0.0165062470786229,0,0,2.39329401804183,0.0857776270447803,0,178.596538055624,55.5735975336674,16.0870258267038,51.7832695139925,0,0,0
-32.4228896097589,0,0,0,0,0,0,0,0,0,0,0,0,0,0,-0.0097784982700557,0,0,0,0,-0.437701363656,0,-0.00120895370922962,-0.380844072909741,0,0,0,0,0,0,0,0,0,0,0,0,0,0,0,0,0,0,1.64865274117024,0,0,0,0,0,0,0,0,0,0,0,0,0,0,0,0,3.56347461615985,0,0,0,0,0,0,0,0,10.4770977288352,8.5534179463351,0,0,0,0,0.0346053842320105,0,0,0,0.0797735573748924,0,230.281222377804,56.8551558512091,12.9925308224181,35.7819080809196,0,0,0
-54.5127701982628,0,0,0.868843657773706,0,0,0,0,0.000421345601227421,0,0,0,0,0,0,-0.0188260707047317,0,0,0,0,-0.532074037722905,0,0,0,0,0,0,0,0,0,0,0,0,0,0,0,0,0,0,0,0,0,0,0,0,0,0,0,0,0,0,0,0,0,0,0,0,0,0,0,0,0,0,0,3.32863910728794,0,0,0,8.15525428880099,0,9.78956005368027,0,0,0,0.0820898806463351,0.0248267680651042,0,1.03746974923769,0.0632619362586243,0,269.008856872616,57.1135915231593,16.0359080158719,30.6617053615574,0,0,0
15.5174739012234,0,0,0.634205872580931,0,0,0,0,0.00076304191504971,0,0,0,0,0,0,-0.0238283775019704,0,0,0,0,-0.618300433027749,0,-0.0011499031142066,-0.504679306155661,0,0,0,0,0,0,0,0,0,0,0,0,0,0,0,0,0,0,1.12018400999529,0,0,0,0,0,0,0,0,0,0,0,0,0,0,0,0,0,0,0,0,0,6.53128534551264,0,0,0,2.49289551952086,1.27308378134595,0,0,0,0,0.0386634532652809,0.038785029983773,0,1.68411152020762,0.0807737229390296,0,218.562259448604,55.5999878574736,21.1915969779552,50.123974641441,0,0,0
-30.8352426626827,0,0,0.532422625376805,0,0,0,0,0.000652437970187637,0,0,0,0,-2.21936473359458,0,-0.018186224119655,0,0,0,0,-0.610238964064245,0,-0.00450221975709192,-0.200577330653088,0,0,0,0,0,0,0,0,0,0,0,0,0,0,0,0,0,0.207785050645009,4.73465302037043,0,0,0,0,0,0,0,0,0,0,0,0,0,0,0.039095360776724,0,0,0,0,0,0,32.1834586186393,0,0,-0.029827302053311,7.39753136375372,0,0,0,0,0,0.00687560750996072,0.0462241731922012,0,1.24429420069744,0.0861528659288718,0,266.850747712024,44.5217829423555,22.5913565519037,51.93264782607,0,0,0
-36.7675601655478,0,0,0,0,0,0,0,0,0,0,0,0,-0.00302161972218595,0,0,0,0,0,0,-0.473727642729254,0,0,-0.375812043260941,0,0,0,0,0,0,0,0,0,0,0,0,0,0,0,0,0,0,3.69899172714063,0,0,0,0,0,0,0,0,0,0,0,0,0,0,0,0,0,0,0,0,0,16.9723161222649,0,0,0,4.46049264866488,6.07563852569084,0,0,0,0,0,0.0198527345222617,0,1.62804548240169,0.0865180852167856,0,214.210689553355,63.6157410284604,10.9422957827039,28.4644915897217,0,0,0
-4.92468008721519,0,0,0,-1.14041733667865,0,0,0,0.000431973735745589,0,0,0,0,0,0,-0.0165222463051881,0,0,0,0,-0.725105862323093,0,0,-0.616696398049246,0,0,0,0,0,0,0,0,0,0,0,0,0,0,0,0,0,0,0,0,0,0,0,0,0,0,0,0,0,0,0,0,0,0,0,0,0,0,0,0,0,0,0,-0.0043374073666165,6.6096068572812,4.03661148700122,0,0,0,0,0.0642714610094824,0.00725776372886845,0,3.75020321511396,0.0864749483538339,0,203.706588139959,43.4621311081067,21.1023444404886,60.92835945774,0,0,0
-39.5228245619677,0,0,1.59286993760329,-0.190883245021243,0,0,0,0.00112080894881634,0,0,-0.162160791830649,0,0,0,-0.0337812768634423,0,0,0,0,-0.671939652278204,0,-0.00402637313134918,-0.399609123948818,0,0,0,0,0,0,0,0,0,0,0,0,0,0,0,0,0,0,0,0,0,0,0,0,0,0,0,0,0,0,0,0,0,0.287023614776654,0,0,0,0,0,-0.132862239009709,0,0,0,-0.00356728253094613,6.86724726111329,0,0,0,0,0,0.0546827261046056,0.0683150859312892,0,2.45028259749212,0.110330862823473,0,275.464706452237,42.5068175075897,24.9490222695767,37.5251171748065,0,0,0
-31.5999545810704,0,0,0,0,0,0,0,0,0,0,0,0,0,0,0,0,0,0,0,-0.386181919564957,0,-0.00975432382174068,-0.321147402074296,0,0,0,0,0,0,0,0,0,0,7.03993052683185,0,0,0,0,0,0,0,4.05280459425428,0,0,0,0,0,0,0,0,0,0,0,0,0,0,0,0,0,0,0,0,0,22.862746932568,0,0,0,4.94616659726913,0.904095140895367,0,0,0,0,0,0,0,2.76654648315885,0.0894260288769186,0,157.364850700682,60.6557861329225,11.9306218770495,33.7958994380656,0,0,0
38.5827637570938,0,0,0,0,0,0,0,0,0,0,0,0,0,0,-0.026166835286648,0,0,0,0,-0.466964534163515,0,0,-0.363607999345518,0,0,0,0,0,0,0,0,0,0,0,0,0,0,0,0,0,0,2.9353490385067,0,0,0,0,0,0,0,0,0,0,0,0,0,0,0,0,0,0,0,0,0,12.5662795587536,0,0,0,2.52953342148075,4.60985340899973,0,0,0,0,0.0221344243933144,0.0267000856185801,0,1.26081829664744,0.054946115171424,0,133.275764631949,64.8755319919956,15.2749100913587,49.0644486937023,0,0,0
54.5766009179036,0,0,0.278790537311368,0,0,0,0,0.000765206796813511,0,0,-0.00985147065126526,0,0,0,-0.0489605843722682,0,0,0,0,-0.701478549861632,0,0,-0.681050560279591,0,0,0,0,0,0,0,0,0,0,0,0,0,0,0,0,0,0,2.57990844861007,0,0,0,0,0,0,0,0,0,0,0,0,0,0.0541162668852748,0.56658301057799,0,0,0,0,0,0,7.38656417366724,0,0,0,2.38805562208601,0,0,0,0,0,0,0.0634109908242315,0,2.27495216754695,0.0698827959733966,0,112.941074531489,53.201403816799,25.3379890763642,52.7779599377185,0,0,0
-6.97742265023226,0,0,0.667127247966587,0,0,0,0,0.0013040740264975,0,0,0,0,0,0,-0.0282158462251322,0,0,0,0,-0.658059016448329,0,0,-0.425542579827113,0,0,0,0,0,0,0,0,0,0,0,0,0,0,0,0,0,0,0.690788902806967,0,0,0,0,0,0,0,-0.0211572041016862,0,0,0,0,0,0,0.368576531344865,0,0,0,0,0,0,16.522335328672,0,0,0,3.35161581740648,0.0662007655169332,0,0,0,0,0.0186676948968445,0.0309449496850966,0,1.96514275290673,0.0974168395687376,0,242.793833560615,46.9243266190975,21.8470341166114,47.4114592434875,0,0,0
-49.0156896721803,0,0,0.97736924522737,0,0,0,0,0,0,0,-0.169537494484587,0,0,0,-0.0356947846821457,0,0,0,0,-0.693175327847161,0,-0.00149652261689965,-0.595181338987562,0,0,0,0,0,0,0,0,0,0,0,0,0,0,0,0,0,0,1.36118051507959,0,0,0,0,0,0,0,0,0,0,0,0,0,0.02326947064692,1.5014298920762,0,0,0,0,0,0,0,0,0,-0.0214402838283457,8.81189757286192,6.31280741039033,0,0,0,0,0.00762463294667874,0.0339752540060394,0,2.32796429817244,0.101653454825657,0,235.60390956507,45.6899612445527,22.6884116407173,37.4439926377884,0,0,0
34.480870811537,0,0,0,0,0,0,0,0,0,0,0,0,0,0,-0.022812160576784,0,0,0,0,-0.633880868682202,0,0,-0.545623035044807,0,0,0,0,0,0,0,0,0,0,0,0,0,0,0,0,0,0.0333693641878095,3.70109406724069,0,0,0,0,0,0,0,0,0,0,0,0,0,0,0,0,8.3403356979473,0,0,0,0,13.6012517609144,0,0,0,5.41623107531026,0,0,0,0,0,0.0523858785669687,0.00778710661737892,0,2.7704710156935,0.0597092781005256,0,81.3854721925877,57.1038446813066,25.7449143443479,59.404684038805,0,0,0
14.578028380839,0,0,1.03991307104282,0,0,0,1.21492638743662e-06,0,0,0,0,0,-0.499301589926134,0,-0.0623741796421655,0,0,0,0,-0.597806767830027,0,0,-0.499586484381694,0,0,0,0,0,0,0,0,0,0,0,0,0,0,0,0,0,0,0.279945483636551,0,0,0,0,0,0,0,0,0,0,0,0,0,0,0.926468247380384,0,0,0,0,0,0,22.6334176322843,0,0,0,0,10.3111200506385,0,0,0,-4.69434441732273e-08,0.0072690050181227,0.0409234378595758,0,1.64906365007904,0.0941987689581373,0,204.389539012843,52.8223041255959,15.4395002181727,40.2344452937887,0,0,0
-13.8153090602751,0,0,0.393479154111516,0,0,0,0,0.000405217242230444,0,0,-0.0180787529330494,0,-0.377103337957038,0,-0.0322911117333378,0,0,0,0,-0.697626434917375,0,0,-0.46282235873774,0,0,0,0,0,0,0,0,0,0,0,0,0,0,0,0,0,0.00995012808164083,2.54848752967728,0,0,0,0,0,0,0,0,0,0,0,0,0,0,0.641909338108657,0,19.2215222264217,0,0,0,0,0,0,0,0,6.98983741358122,0,0,0,0,0,0.0263472920965991,0.0317184145076241,0,2.48878139233986,0.0870120513195885,0,180.261054595921,45.8629838973567,28.5037400484253,49.5160358131874,0,0,0
-6.74053849533115,0,0,0.118340546544223,-1.15245985860288,0,0,0,0,0,0,0,0,-0.357009495307433,0,-0.0331556135694181,0,0,0,0,-0.604092606172419,0,-0.00410174114389895,-0.307796113896802,0,0,0,0,0,0,0,0,0,0,0,0,0,0,0,0,0,0,3.64989310082873,0,0,0,0,0,0,0,0,0,0,0,0,0,0,0.178828504580406,0,0,0,0,0,0,5.370933548773,0,0,0,4.86969194170356,2.18240738045203,0,0,0,0,0.0343326843092269,0.0269184884366574,0,1.57469181951231,0.0806836742303489,0,228.330608361777,50.9292362652665,20.8467608269899,48.4879232579562,0,0,0
-32.8698724291714,0,0,0,0,0,0,0,0,0,0,0,0,-0.618138145560567,0,0,0,0,0,0,-0.541371569455409,0,0,-0.442780203553588,0,0,0,0,0,0,0,0,0,0,0,0,0,0,0,0,0,0,4.00540671068053,0,0,0,0,0,0,0,0,0,0,0,0,0,0,0,0,0,0,0,0,0,10.7760142841878,0,0,0,3.50583198598811,4.7416947418391,0,0,0,0,0,0.0289029573943002,0,2.58103802069035,0.0940109974575143,0,225.605964326305,59.2054097667083,12.5656392842246,26.9420512802221,0,0,0
-62.457104595311,0,0,1.30105359139186,0,0,0,0,0,0,0,0,0,0,0,-0.0394415799105537,0,0,0,0,-0.683926343269624,0,-0.00114738318172376,-0.11693553153454,0,0,0,0,0,0,0,0,0,0,0,0,0,0,0,0,0,0,4.01350569704134,0,0,0,0,0,0,0,0,0,0,0,0,0,0,0,0,29.0779993132767,0,0,0,0,0,0,0,0,0,3.00181937953124,0,0,0,0,0,0.0242651798754625,0,2.7690209748139,0.113101230863145,0,263.083469886854,51.3123381620699,17.7646729750712,37.5510001333697,0,0,0
-75.694700458531,0,0,0,0,0,0,0,0,0,0,0,0,0,0,-0.0182558158270745,0,0,0,0,-0.495279120882956,0,0,-0.320773966512726,0,0,0,0,0,0,0,0,0,0,0,0,0,0,0,0,0,0.0840072193736369,1.2193002397607,0,0,0,0,0,0,0,0,0,0,0,0,0,0,0,0,28.7524416694943,0,0,0,0,0,0,0,0,13.4316247416623,8.40066486440242,0,0,0,0,0.0317215176430588,0,0,0,0.0929468843457252,0,266.48505657198,51.8981785426028,13.5592195110589,33.5397237392976,0,0,0
-6.60578758535414,0,0,0,-0.110048008468487,0,0,0,0.00094657376166468,0,0,0,0,0,0,0,0,0,0,0,-0.581024394311,0,0,-0.562199892131971,0,0,0,0,0,0,0,0,0,0,0,0,0,0,0,0,0,0,2.6149913131269,0,0,0,0,0,0,-0.0420848921102558,0,0,0,0,0,0,0,0,0,0,0,0,0,0,2.02330514271295,0,0,0,2.19653068460122,0,0,0,0,0,0,0.0478965212094021,0,2.54809385234268,0.101375741211221,0,239.690817124895,55.6422778624389,12.8154231095067,28.8396790750948,0,0,0
-2.92361580937876,0,0,0,0,0,0,0,0.000195926262797425,0,0,0,0,0,0,-0.00995745267642645,0,0,0,0,-0.56469864137506,0,-0.00283615651941508,-0.328578648027884,0,0,0,0,0,0,0,0,0,0,0,0,0,0,0,0,0,0,1.48225399904911,0,0,0,0,0,0,0,0,0,0,0,0,0,0,0,0,0,0,0,0,0,0,0,0,0,5.21916615706641,0,0,0,0,0,0.110616721238531,0.0813052579024268,0,1.06842022687492,0.0765081962110641,0,222.233828627573,46.9769324107619,22.0475965104746,48.0384235428076,0,0,0
-8.06280150592448,0,0,0.966587255502975,0,0,0,0,0.000798196573846223,0,0,-0.0838005138172552,0,0,0,-0.0504048632384687,0,0,0,0,-0.747923796401611,0,0,-0.438491460990567,0,0,0,0,0,0,0,0,0,0,0,0,0,0,0,0,0,0,0,0,0,0,0,0,0,0,0,0,0,0,0,0,0,0.696414207453349,0,0,0,0,0,-0.162162576644196,0,0,0,-0.0248902005717642,3.50474232659683,2.49603954889013,0,0.789777222649834,0,0,0.0372433980669668,0.0255369530994209,0,3.74263738997785,0.100049375312551,0,216.740572831334,43.7963634330519,21.2431663561714,54.7648361333506,0,0,0
3.19809882430772,0,0,0,0,0,0,0,0,0,0,0,0,0,0,-0.0597236306069528,0,0,0,0,-0.660474388193779,0,-0.0016342557657386,-0.455019282451614,0,0,0,0,0,0,0,0,0,0,0,0,0,0,0,0,0,0,0.52047184786373,0,0,0,0,0,0,0,0,0,0,0,0,0,0,0.166022792035112,0,47.739849286503,0,0,0,0,0,0,0,0,6.27831251669102,5.46586210486885,0,0,0,0,0.0661945847925215,0,0,1.94952040021363,0.0825664000800172,0,187.12338935216,44.7307463672688,21.1147422956034,53.8367060800755,0,0,0
4.12787818609635,0,0,0,0,0,0,0,0,0,0,0,0,0,0,0,0,0,0,0,-0.555379219724331,0,-0.00331703056974515,-0.524513490278763,0,0,0,0,0,0,0,0,0,0,0,0,0,0,0,0,0,0,0.381890820568583,0,0,0,0,0,0,0,0,0,0,0,0,0,0,0,0,0,0,0,0,0,3.42808936388543,0,0,0,6.64036799827164,4.81358840706654,0,0,0,0,0.0411259400171137,0.0252948982636364,0,1.88274252087702,0.0774690193259544,0,190.504908506272,50.5746629498022,18.5605971018935,49.5961901899071,0,0,0
1.19262688584743,0,0,0,0,0,0,0,0,0,0,0,0,0,0,-0.00464810656070085,0,0,0,0,-0.434462492284738,0,0,-0.482251271171521,0,0,0,0,0,0,0,0,0,0,0,0,0,0,0,0,0,0,1.77781041053004,0,0,0,0,0,0,0,0,0,0,0,0,0,0,0,0,0,0,0,0,0,32.1022566626035,0,0,0,0,11.2502536772399,0,0,0,0,0,0.036393188768618,0,1.20367041120289,0.0883199318592388,0,207.83106535498,61.3039860719503,2.79224673982296,25.9068751117683,0,0,0
28.6503758282782,0,0,0,-0.476315399628906,0,0,0,0.000210232367877166,0,0,0,0,-1.41636399372568,0,0,0,0,0,0,-0.675543487976918,0,0,-0.616089295297732,0,0,0,0,0,0,0,0,0,0,0,0,0,0,0,0,0,0,4.17233528961797,0,0,0,0,0,0,0,0,0,0,0,0,0,0,0,0,15.4421085697407,0,0,0,0,9.03450248778325,0,0,0,9.1012018828303,0,0,0,0,0,0.0297534548568661,0.0435167379679267,0,2.19967651080787,0.0630246588792593,0,123.024148492194,49.1592034385967,32.8499841563146,58.2169708186862,0,0,0
-39.5045396202264,0,0,0,0,0,0,0,0,0,0,0,0,0,0,0,0,0,0,0,-0.549579097790983,0,0,-0.309306078300215,0,0,0,0,0,0,0,0,0,0,0,0,0,0,0,0,0,0,4.65184709452336,0,0,0,0,0,0,0,0,0,0,0,0,0,0.0309401853555936,0,0,62.0377519901023,0,0,0,0,0,0,0,0,5.08232368230795,3.33622362845499,0,0,0,0,0,0,0,1.78566495057906,0.081953819717645,0,177.58029185787,59.783434136192,10.4636317529192,53.084237016593,0,0,0
33.7262312458236,0,0,0,0,0,0,0,0,0,0,0,0,0,0,-0.0241699813879351,0,0,0,0,-0.657311380486007,0,0,-0.559473381845408,0,0,0,0,0,0,0,0,0,0,0,0,0,0,0,0,0,0,4.98360905740543,0,0,0,0,0,0,0,0,0,0,0,0,0,0,0.0185250753122134,0,28.5216896499148,0,0,0,0,0,0,0,0,6.26981325653443,0,0,0,0,0,0.0119196720608664,0.0591736016230824,0,1.9225824902717,0.0558499857543583,0,92.422236149607,61.9223456124646,23.2637581489214,61.8769264669575,0,0,0
-31.2133271125165,0,0,1.58494076253194,0,0,0,0,0.000777089644983915,0,0,-0.0380065385924095,0,0,0,-0.0428758397033784,0,0,0,0,-0.674014536683875,0,-0.00752722494598752,-0.334660188968239,0,0,0,0,0,0,0,0,0,0,0,0,0,0,0,0,0,0,2.17003645147539,0,0,0,0,0,0,0,0,0,0,0,0,0,0,0.859740033201575,0,0,0,0,0,0,0,0,0,-0.0135977542550331,4.20434905863675,0,0,0,0,0,0.0721495397177575,0.0422578456394152,0,1.74690547707198,0.0976166675147627,0,263.922739769901,44.9269684712087,22.4742749467712,44.0576804164197,0,0,0
-47.5388196995446,0,0,0.780363861266328,-0.424069361230675,0,0,0,0.000791497786533676,0,0,-0.173208822039843,0,-0.185626072093635,0,-0.0384770181607015,0,0,0,0,-0.722308501343332,0,-0.00497365943925287,-0.527408629927547,0,0,0,0,0,0,0,0,0,0,0,0,0,0,0,0,0,0,1.88510554889458,0,0,0,0,0,0,0,0,0,0,0,0,0,0.0688443111562679,0.950275653753842,0,28.6470860463383,0,0,0,0,0,0,0,-0.0599482507281107,9.46383402029139,0,0,0,0,0,0.0128999144136758,0,0,2.93494644805661,0.105182608243493,0,221.330412013717,44.9401885537902,20.9879539914145,43.9368606765861,0,0,0
2.39628749718079,0,0,0,0,0,0,0,0,0,0,0,0,0,0,-0.056943993921475,0,0,0,0,-0.662894575280878,0,0,-0.417809048400343,0,0,0,0,0,0,0,0,0,0,0,0,0,0,0,0,0,0,0,0,0,0,0,0,0,0,0,0,0,0,0,0,0,0,0,6.56907601770033,0,0,0,0,7.79534924890859,0,0,0,5.8594828318038,7.76511292093653,0,0,0,0,0.0589878261083277,0,0,3.18172812559818,0.0769367046200909,0,163.304462212892,47.6977570248377,19.7212852457355,63.0568865002696,0,0,0
-23.1999468367721,0,0,0.268767744991452,-0.0533248253815643,0,0,0,0.000488459612869091,0,0,0,0,-1.00859068085498,0,-0.0189726950172181,0,0,0,0,-0.650447263473,0,-0.000201099873645567,-0.55381826670586,0,0,0,0,0,0,0,0,0,0,0,0,0,0,0,0,0,0,0.658061845238796,0,0,0,0,0,0,0,0,0,0,0,0,0,0,0,0,7.72663986954127,0,0,0,0,32.1843933474531,0,0,0,7.75683290849356,3.28608050821218,0,0,0,0,0.0416463114469353,0.0165261137148214,0,2.90324691325638,0.0966589307610918,0,223.434323205023,44.9403518130664,18.3694154437555,41.621866775187,0,0,0
-45.0136854090335,0,0,0.318114947479259,0,0,0,0,0.000625424135369309,0,0,-0.00956294215672146,0,-0.254349569728404,0,-0.0272391486607507,0,0,0,0,-0.691997957299782,0,-0.00362004764993661,-0.419353864614189,0,0,0,0,0,0,0,0,0,0,0,0,0,0,0,0,0,0,2.43952480718719,0,0,0,0,0,0,-0.00147951474736318,0,0,0,0,0,0,0.0811756915870685,0.269223048341397,0,39.2852240964165,0,0,0,0,0,0,0,-0.0156465533185292,7.04002252378876,0,0,0,0,0,0.00802329283122796,0,0,3.5182082640854,0.0967369840507059,0,184.908839153086,50.2411304767695,16.0627020224987,47.4480136397191,0,0,0
-58.5023570665197,0,0,1.45173072512838,0,0,0,0,0,0,0,0,0,-0.295044485840282,0,-0.0725769016701779,0,0,0,0,-0.632926522452158,0,-0.00450077811852607,0,0,0,0,0,0,0,0,0,0,0,0,0,0,0,0,0,0,0,3.36052292628589,0,0,0,0,0,0,0,0,0,0,0,0,0,0,0,0,13.4839152044462,0,0,0,0,19.1786243305777,0,0,0,0,2.78968856641661,0,0,0,0,0.00307027874750461,0.0083656300608225,0,2.34100778332692,0.11838643737882,0,266.361815307214,54.3795583580403,20.6407404137627,33.9835824128993,0,0,0
22.5660207649843,0,0,0.79561761723412,0,0,0,0,0.000440299159740326,0.0175810012429759,0,-0.097306086528021,0,0,0,-0.0716063904701637,0,0,0,0,-0.67144065687959,0,-0.0027224509546115,-0.686854353071205,0,0,0,0,0,0,0,0,0,0,0,0,0,0,0,0,0,0,0.738999384851249,0,0,0,0,0,0,0,0,0,0,0,0,0,0,1.19010263262624,0,0,0,0,0,0,0,0,0,0,4.44411101033132,0.541316496591392,0,0,0,0,0.0780716764054833,0,0,2.21655574605673,0.0899396741290144,0,210.099146012961,49.4828626299303,19.2268257467545,42.581781719696,0,0,0
-31.407794740303,0,0,0.516503335314093,0,0,0,0,0,0,0,0,0,-1.39132240072361,0,-0.017147255464132,0,0,0,0,-0.538193263257916,0,-0.00651480692137262,-0.3634481243037,0,0,0,0,0,0,0,0,0,0,0,0,0,0,0,0,0.378563864923259,0,2.40877423969163,0,0,0,0,0,0,0,0,0,0,0,0,0,0.0019704074378406,0,0,24.2294034453134,0,0,0,0,0,0,0,0,0,12.0005760811051,0,0,0,0,0,0.0358484294511434,0,1.85200422188355,0.0975567093522991,0,219.391248344916,52.940126819963,7.59917950862717,42.8859295970717,0,0,0
38.639562368693,0,0,0,0,0,0,0,0,0,0,0,0,0,0,-0.0243214914844814,0,0,0,0,-0.548820194213922,0,0,-0.469129250551167,0,0,0,0,0,0,0,0,0,0,0,0,0,0,0,0,0,0,2.24177784025503,0,0,0,0,0,0,0,0,0,0,0,0,0,0,0,0,0,0,0,0,0,0,0,0,0,2.17615121544555,0,0,0,0,0,0.0484387852500269,0.0186379255250214,0,1.25863616244481,0.0699385093258316,0,195.616312244259,54.8758358369343,17.6454779344608,52.1541757948732,0,0,0
-12.6723426821343,0,0,1.60966900985677,0,0,0,0,0,0,0,0,0,0,0,-0.0210715354087218,0,0,0,0,-0.551208659083147,0,-0.00600112277733456,-0.209881634603678,0,0,0,0,0,0,0,0,0,0,0,0,0,0,0,0,0,0.0905605737013016,1.83378885503864,0,0,0,0,0,0,0,0,0,0,0,0,0,0,0,0,0,0,0,0,0,16.8135696868348,0,0,0,1.73451177951479,7.52079356240519,0,0,0,0,0.0461029725546937,0.00171568509063802,0,1.65072462865105,0.0811153772679789,0,195.153023466791,59.8019471876554,14.731807879792,48.4189040353468,0,0,0
-52.1043482443507,0,0,0,-0.0729134335184665,0,0,0,0,0,0,-0.016396065816772,0,0,0,-0.00795265823435909,0,0,0,0,-0.644402559362569,0,0,-0.546817070501817,0,0,0,0,0,0,0,0,0,0,0,0,0,0,0,0,0.0102450026451138,0,0,0,0,0,0,0,0,0,0,0,0,0,0,0,0,0,0,1.97071669819093,0,0,0,0,0,0,0,0,12.1082334958778,8.08439236804105,0,0,0,0,0.0598026149713113,0,0,2.81328064926799,0.0876773537355711,0,224.183395742961,45.4881520281635,19.2188302371391,48.64020322438,0,0,0
-31.7426098624268,0,0,1.18620866918572,-3.29708649591946,0,0,0,5.1572695186894e-05,0.0430247598619979,0,0,0,0,0,-0.0249611189168838,0,0,0,0,-0.513906281683804,0,0,0,0,0,0,0,0,0,0,0,0,0,0,0,0,0,0,0,0,0,0,0,0,0,0,0,0,0,0,1.71209601005236,0,0,0,0,0,0,0,0,0,0,0,0,0,0,0,-0.0100912565400142,6.56306326451053,0,0,0,0,0,0.105607569593731,0.0176603842123899,0,1.02655659176664,0.0625687403062325,0,290.645157055078,56.9705734936801,13.0452009444191,21.1613617834234,0,0,0
-26.4933679859759,0,0,0,0,0,0,0,0.000287125815703263,0,0,0,0,0,0,-0.0107372153072679,0,0,0,0,-0.668704491595026,0,0,-0.399524055631381,0,0,0,0,0,0,0,0,0,0,0,0,0,0,0,0,0,0.0702185780831586,2.98611299714802,0,0,0,0,0,0,0,0,0,0,0,0,0,0,0.58372002912248,0,0,0,0,0,0,20.6681100857271,0,0,0,7.53716400225086,0,0,0,0,0,0.00883869415939991,0.0481035530668856,0,1.97412424804731,0.0815606291254824,0,188.088705534885,49.3369796410585,24.2434508654283,54.7472166411592,0,0,0
-56.2400406839454,0,0,0.322963297909675,0,0,0,0,0,0,0,-0.0615813516487315,0,0,0,-0.0302779860444006,0,0,0,0,-0.651047839154237,0,0,-0.365299318315027,0,0,0,0,0,0,0,0,0,0,0,0,0,0,0,0,0,0,0,0,0,0,0,0,0,0,0,0,0,0,0,0,0,0,0,20.5555016695292,0,0,0,0,0,0,0,0,9.56828836984696,7.25635652202119,0,0,0,0,0.0464301709919739,0,0,2.9061815159679,0.0959722636547565,0,223.366101740957,47.0575744194645,19.6612324276727,47.6356434853076,0,0,0
-31.4855484757944,0,0,0.858597009310012,-0.184664346921651,0,0,0,0.000474194462423474,0,0,0,0,0,0,-0.0574379960555318,0,0,0,0,-0.62946167157739,0,-0.00293457460157425,-0.46916196397424,0,0,0,0,0,0,0,0,0,0,0,0,0,0,0,0,0,0,0.900375823997472,0,0,0,0,0,0,0,0,0,0,0,0,0,0,0.473045062452331,0,0,0,0,0,0,11.8110559907736,0,0,0,6.71585259307401,2.78207852364251,0,0,0,0,0.0477965820639547,0.0053434846439824,0,2.79231943902072,0.100284166282268,0,220.123344077541,49.7900326156693,17.7914633525471,40.6796189850447,0,0,0
